-- phpMyAdmin SQL Dump
-- version 5.2.1
-- https://www.phpmyadmin.net/
--
-- Host: 127.0.0.1:3307
-- Generation Time: Apr 17, 2024 at 06:35 AM
-- Server version: 10.4.32-MariaDB
-- PHP Version: 8.2.12

SET SQL_MODE = "NO_AUTO_VALUE_ON_ZERO";
START TRANSACTION;
SET time_zone = "+00:00";


/*!40101 SET @OLD_CHARACTER_SET_CLIENT=@@CHARACTER_SET_CLIENT */;
/*!40101 SET @OLD_CHARACTER_SET_RESULTS=@@CHARACTER_SET_RESULTS */;
/*!40101 SET @OLD_COLLATION_CONNECTION=@@COLLATION_CONNECTION */;
/*!40101 SET NAMES utf8mb4 */;

--
-- Database: `login`
--
CREATE DATABASE IF NOT EXISTS `login` DEFAULT CHARACTER SET utf8mb4 COLLATE utf8mb4_general_ci;
USE `login`;

-- --------------------------------------------------------

--
-- Table structure for table `logintable`
--

CREATE TABLE `logintable` (
  `name` varchar(15) NOT NULL,
  `pass` varchar(8) DEFAULT NULL
) ENGINE=InnoDB DEFAULT CHARSET=utf8mb4 COLLATE=utf8mb4_general_ci;

--
-- Dumping data for table `logintable`
--

INSERT INTO `logintable` (`name`, `pass`) VALUES
('admin@gmail.com', '@123');

--
-- Indexes for dumped tables
--

--
-- Indexes for table `logintable`
--
ALTER TABLE `logintable`
  ADD PRIMARY KEY (`name`);
--
-- Database: `loginform`
--
CREATE DATABASE IF NOT EXISTS `loginform` DEFAULT CHARACTER SET utf8mb4 COLLATE utf8mb4_general_ci;
USE `loginform`;

-- --------------------------------------------------------

--
-- Table structure for table `login`
--

CREATE TABLE `login` (
  `user_id` varchar(15) NOT NULL,
  `passward` varchar(20) NOT NULL
) ENGINE=InnoDB DEFAULT CHARSET=utf8mb4 COLLATE=utf8mb4_general_ci;

--
-- Dumping data for table `login`
--

INSERT INTO `login` (`user_id`, `passward`) VALUES
('akash123', 'Akash@123');

--
-- Indexes for dumped tables
--

--
-- Indexes for table `login`
--
ALTER TABLE `login`
  ADD PRIMARY KEY (`user_id`(10)),
  ADD UNIQUE KEY `user_id` (`user_id`);
--
-- Database: `phpmyadmin`
--
CREATE DATABASE IF NOT EXISTS `phpmyadmin` DEFAULT CHARACTER SET utf8 COLLATE utf8_bin;
USE `phpmyadmin`;

-- --------------------------------------------------------

--
-- Table structure for table `pma__bookmark`
--

CREATE TABLE `pma__bookmark` (
  `id` int(10) UNSIGNED NOT NULL,
  `dbase` varchar(255) NOT NULL DEFAULT '',
  `user` varchar(255) NOT NULL DEFAULT '',
  `label` varchar(255) CHARACTER SET utf8 COLLATE utf8_general_ci NOT NULL DEFAULT '',
  `query` text NOT NULL
) ENGINE=InnoDB DEFAULT CHARSET=utf8 COLLATE=utf8_bin COMMENT='Bookmarks';

-- --------------------------------------------------------

--
-- Table structure for table `pma__central_columns`
--

CREATE TABLE `pma__central_columns` (
  `db_name` varchar(64) NOT NULL,
  `col_name` varchar(64) NOT NULL,
  `col_type` varchar(64) NOT NULL,
  `col_length` text DEFAULT NULL,
  `col_collation` varchar(64) NOT NULL,
  `col_isNull` tinyint(1) NOT NULL,
  `col_extra` varchar(255) DEFAULT '',
  `col_default` text DEFAULT NULL
) ENGINE=InnoDB DEFAULT CHARSET=utf8 COLLATE=utf8_bin COMMENT='Central list of columns';

-- --------------------------------------------------------

--
-- Table structure for table `pma__column_info`
--

CREATE TABLE `pma__column_info` (
  `id` int(5) UNSIGNED NOT NULL,
  `db_name` varchar(64) NOT NULL DEFAULT '',
  `table_name` varchar(64) NOT NULL DEFAULT '',
  `column_name` varchar(64) NOT NULL DEFAULT '',
  `comment` varchar(255) CHARACTER SET utf8 COLLATE utf8_general_ci NOT NULL DEFAULT '',
  `mimetype` varchar(255) CHARACTER SET utf8 COLLATE utf8_general_ci NOT NULL DEFAULT '',
  `transformation` varchar(255) NOT NULL DEFAULT '',
  `transformation_options` varchar(255) NOT NULL DEFAULT '',
  `input_transformation` varchar(255) NOT NULL DEFAULT '',
  `input_transformation_options` varchar(255) NOT NULL DEFAULT ''
) ENGINE=InnoDB DEFAULT CHARSET=utf8 COLLATE=utf8_bin COMMENT='Column information for phpMyAdmin';

-- --------------------------------------------------------

--
-- Table structure for table `pma__designer_settings`
--

CREATE TABLE `pma__designer_settings` (
  `username` varchar(64) NOT NULL,
  `settings_data` text NOT NULL
) ENGINE=InnoDB DEFAULT CHARSET=utf8 COLLATE=utf8_bin COMMENT='Settings related to Designer';

-- --------------------------------------------------------

--
-- Table structure for table `pma__export_templates`
--

CREATE TABLE `pma__export_templates` (
  `id` int(5) UNSIGNED NOT NULL,
  `username` varchar(64) NOT NULL,
  `export_type` varchar(10) NOT NULL,
  `template_name` varchar(64) NOT NULL,
  `template_data` text NOT NULL
) ENGINE=InnoDB DEFAULT CHARSET=utf8 COLLATE=utf8_bin COMMENT='Saved export templates';

--
-- Dumping data for table `pma__export_templates`
--

INSERT INTO `pma__export_templates` (`id`, `username`, `export_type`, `template_name`, `template_data`) VALUES
(1, 'root', 'server', 'database', '{\"quick_or_custom\":\"quick\",\"what\":\"sql\",\"db_select[]\":[\"login\",\"loginform\",\"phpmyadmin\",\"project1data\",\"test\"],\"aliases_new\":\"\",\"output_format\":\"sendit\",\"filename_template\":\"@SERVER@\",\"remember_template\":\"on\",\"charset\":\"utf-8\",\"compression\":\"none\",\"maxsize\":\"\",\"codegen_structure_or_data\":\"data\",\"codegen_format\":\"0\",\"csv_separator\":\",\",\"csv_enclosed\":\"\\\"\",\"csv_escaped\":\"\\\"\",\"csv_terminated\":\"AUTO\",\"csv_null\":\"NULL\",\"csv_columns\":\"something\",\"csv_structure_or_data\":\"data\",\"excel_null\":\"NULL\",\"excel_columns\":\"something\",\"excel_edition\":\"win\",\"excel_structure_or_data\":\"data\",\"json_structure_or_data\":\"data\",\"json_unicode\":\"something\",\"latex_caption\":\"something\",\"latex_structure_or_data\":\"structure_and_data\",\"latex_structure_caption\":\"Structure of table @TABLE@\",\"latex_structure_continued_caption\":\"Structure of table @TABLE@ (continued)\",\"latex_structure_label\":\"tab:@TABLE@-structure\",\"latex_relation\":\"something\",\"latex_comments\":\"something\",\"latex_mime\":\"something\",\"latex_columns\":\"something\",\"latex_data_caption\":\"Content of table @TABLE@\",\"latex_data_continued_caption\":\"Content of table @TABLE@ (continued)\",\"latex_data_label\":\"tab:@TABLE@-data\",\"latex_null\":\"\\\\textit{NULL}\",\"mediawiki_structure_or_data\":\"data\",\"mediawiki_caption\":\"something\",\"mediawiki_headers\":\"something\",\"htmlword_structure_or_data\":\"structure_and_data\",\"htmlword_null\":\"NULL\",\"ods_null\":\"NULL\",\"ods_structure_or_data\":\"data\",\"odt_structure_or_data\":\"structure_and_data\",\"odt_relation\":\"something\",\"odt_comments\":\"something\",\"odt_mime\":\"something\",\"odt_columns\":\"something\",\"odt_null\":\"NULL\",\"pdf_report_title\":\"\",\"pdf_structure_or_data\":\"data\",\"phparray_structure_or_data\":\"data\",\"sql_include_comments\":\"something\",\"sql_header_comment\":\"\",\"sql_use_transaction\":\"something\",\"sql_compatibility\":\"NONE\",\"sql_structure_or_data\":\"structure_and_data\",\"sql_create_table\":\"something\",\"sql_auto_increment\":\"something\",\"sql_create_view\":\"something\",\"sql_create_trigger\":\"something\",\"sql_backquotes\":\"something\",\"sql_type\":\"INSERT\",\"sql_insert_syntax\":\"both\",\"sql_max_query_size\":\"50000\",\"sql_hex_for_binary\":\"something\",\"sql_utc_time\":\"something\",\"texytext_structure_or_data\":\"structure_and_data\",\"texytext_null\":\"NULL\",\"yaml_structure_or_data\":\"data\",\"\":null,\"as_separate_files\":null,\"csv_removeCRLF\":null,\"excel_removeCRLF\":null,\"json_pretty_print\":null,\"htmlword_columns\":null,\"ods_columns\":null,\"sql_dates\":null,\"sql_relation\":null,\"sql_mime\":null,\"sql_disable_fk\":null,\"sql_views_as_tables\":null,\"sql_metadata\":null,\"sql_drop_database\":null,\"sql_drop_table\":null,\"sql_if_not_exists\":null,\"sql_simple_view_export\":null,\"sql_view_current_user\":null,\"sql_or_replace_view\":null,\"sql_procedure_function\":null,\"sql_truncate\":null,\"sql_delayed\":null,\"sql_ignore\":null,\"texytext_columns\":null}');

-- --------------------------------------------------------

--
-- Table structure for table `pma__favorite`
--

CREATE TABLE `pma__favorite` (
  `username` varchar(64) NOT NULL,
  `tables` text NOT NULL
) ENGINE=InnoDB DEFAULT CHARSET=utf8 COLLATE=utf8_bin COMMENT='Favorite tables';

-- --------------------------------------------------------

--
-- Table structure for table `pma__history`
--

CREATE TABLE `pma__history` (
  `id` bigint(20) UNSIGNED NOT NULL,
  `username` varchar(64) NOT NULL DEFAULT '',
  `db` varchar(64) NOT NULL DEFAULT '',
  `table` varchar(64) NOT NULL DEFAULT '',
  `timevalue` timestamp NOT NULL DEFAULT current_timestamp(),
  `sqlquery` text NOT NULL
) ENGINE=InnoDB DEFAULT CHARSET=utf8 COLLATE=utf8_bin COMMENT='SQL history for phpMyAdmin';

-- --------------------------------------------------------

--
-- Table structure for table `pma__navigationhiding`
--

CREATE TABLE `pma__navigationhiding` (
  `username` varchar(64) NOT NULL,
  `item_name` varchar(64) NOT NULL,
  `item_type` varchar(64) NOT NULL,
  `db_name` varchar(64) NOT NULL,
  `table_name` varchar(64) NOT NULL
) ENGINE=InnoDB DEFAULT CHARSET=utf8 COLLATE=utf8_bin COMMENT='Hidden items of navigation tree';

-- --------------------------------------------------------

--
-- Table structure for table `pma__pdf_pages`
--

CREATE TABLE `pma__pdf_pages` (
  `db_name` varchar(64) NOT NULL DEFAULT '',
  `page_nr` int(10) UNSIGNED NOT NULL,
  `page_descr` varchar(50) CHARACTER SET utf8 COLLATE utf8_general_ci NOT NULL DEFAULT ''
) ENGINE=InnoDB DEFAULT CHARSET=utf8 COLLATE=utf8_bin COMMENT='PDF relation pages for phpMyAdmin';

-- --------------------------------------------------------

--
-- Table structure for table `pma__recent`
--

CREATE TABLE `pma__recent` (
  `username` varchar(64) NOT NULL,
  `tables` text NOT NULL
) ENGINE=InnoDB DEFAULT CHARSET=utf8 COLLATE=utf8_bin COMMENT='Recently accessed tables';

--
-- Dumping data for table `pma__recent`
--

INSERT INTO `pma__recent` (`username`, `tables`) VALUES
('root', '[{\"db\":\"login\",\"table\":\"stock\"},{\"db\":\"login\",\"table\":\"product\"},{\"db\":\"login\",\"table\":\"logintable\"},{\"db\":\"loginform\",\"table\":\"login\"},{\"db\":\"project1data\",\"table\":\"invoice_details\"},{\"db\":\"project1data\",\"table\":\"invoice\"},{\"db\":\"project1data\",\"table\":\"brands\"}]');

-- --------------------------------------------------------

--
-- Table structure for table `pma__relation`
--

CREATE TABLE `pma__relation` (
  `master_db` varchar(64) NOT NULL DEFAULT '',
  `master_table` varchar(64) NOT NULL DEFAULT '',
  `master_field` varchar(64) NOT NULL DEFAULT '',
  `foreign_db` varchar(64) NOT NULL DEFAULT '',
  `foreign_table` varchar(64) NOT NULL DEFAULT '',
  `foreign_field` varchar(64) NOT NULL DEFAULT ''
) ENGINE=InnoDB DEFAULT CHARSET=utf8 COLLATE=utf8_bin COMMENT='Relation table';

-- --------------------------------------------------------

--
-- Table structure for table `pma__savedsearches`
--

CREATE TABLE `pma__savedsearches` (
  `id` int(5) UNSIGNED NOT NULL,
  `username` varchar(64) NOT NULL DEFAULT '',
  `db_name` varchar(64) NOT NULL DEFAULT '',
  `search_name` varchar(64) NOT NULL DEFAULT '',
  `search_data` text NOT NULL
) ENGINE=InnoDB DEFAULT CHARSET=utf8 COLLATE=utf8_bin COMMENT='Saved searches';

-- --------------------------------------------------------

--
-- Table structure for table `pma__table_coords`
--

CREATE TABLE `pma__table_coords` (
  `db_name` varchar(64) NOT NULL DEFAULT '',
  `table_name` varchar(64) NOT NULL DEFAULT '',
  `pdf_page_number` int(11) NOT NULL DEFAULT 0,
  `x` float UNSIGNED NOT NULL DEFAULT 0,
  `y` float UNSIGNED NOT NULL DEFAULT 0
) ENGINE=InnoDB DEFAULT CHARSET=utf8 COLLATE=utf8_bin COMMENT='Table coordinates for phpMyAdmin PDF output';

-- --------------------------------------------------------

--
-- Table structure for table `pma__table_info`
--

CREATE TABLE `pma__table_info` (
  `db_name` varchar(64) NOT NULL DEFAULT '',
  `table_name` varchar(64) NOT NULL DEFAULT '',
  `display_field` varchar(64) NOT NULL DEFAULT ''
) ENGINE=InnoDB DEFAULT CHARSET=utf8 COLLATE=utf8_bin COMMENT='Table information for phpMyAdmin';

-- --------------------------------------------------------

--
-- Table structure for table `pma__table_uiprefs`
--

CREATE TABLE `pma__table_uiprefs` (
  `username` varchar(64) NOT NULL,
  `db_name` varchar(64) NOT NULL,
  `table_name` varchar(64) NOT NULL,
  `prefs` text NOT NULL,
  `last_update` timestamp NOT NULL DEFAULT current_timestamp() ON UPDATE current_timestamp()
) ENGINE=InnoDB DEFAULT CHARSET=utf8 COLLATE=utf8_bin COMMENT='Tables'' UI preferences';

-- --------------------------------------------------------

--
-- Table structure for table `pma__tracking`
--

CREATE TABLE `pma__tracking` (
  `db_name` varchar(64) NOT NULL,
  `table_name` varchar(64) NOT NULL,
  `version` int(10) UNSIGNED NOT NULL,
  `date_created` datetime NOT NULL,
  `date_updated` datetime NOT NULL,
  `schema_snapshot` text NOT NULL,
  `schema_sql` text DEFAULT NULL,
  `data_sql` longtext DEFAULT NULL,
  `tracking` set('UPDATE','REPLACE','INSERT','DELETE','TRUNCATE','CREATE DATABASE','ALTER DATABASE','DROP DATABASE','CREATE TABLE','ALTER TABLE','RENAME TABLE','DROP TABLE','CREATE INDEX','DROP INDEX','CREATE VIEW','ALTER VIEW','DROP VIEW') DEFAULT NULL,
  `tracking_active` int(1) UNSIGNED NOT NULL DEFAULT 1
) ENGINE=InnoDB DEFAULT CHARSET=utf8 COLLATE=utf8_bin COMMENT='Database changes tracking for phpMyAdmin';

-- --------------------------------------------------------

--
-- Table structure for table `pma__userconfig`
--

CREATE TABLE `pma__userconfig` (
  `username` varchar(64) NOT NULL,
  `timevalue` timestamp NOT NULL DEFAULT current_timestamp() ON UPDATE current_timestamp(),
  `config_data` text NOT NULL
) ENGINE=InnoDB DEFAULT CHARSET=utf8 COLLATE=utf8_bin COMMENT='User preferences storage for phpMyAdmin';

--
-- Dumping data for table `pma__userconfig`
--

INSERT INTO `pma__userconfig` (`username`, `timevalue`, `config_data`) VALUES
('root', '2024-04-17 04:33:08', '{\"Console\\/Mode\":\"collapse\",\"NavigationWidth\":0}');

-- --------------------------------------------------------

--
-- Table structure for table `pma__usergroups`
--

CREATE TABLE `pma__usergroups` (
  `usergroup` varchar(64) NOT NULL,
  `tab` varchar(64) NOT NULL,
  `allowed` enum('Y','N') NOT NULL DEFAULT 'N'
) ENGINE=InnoDB DEFAULT CHARSET=utf8 COLLATE=utf8_bin COMMENT='User groups with configured menu items';

-- --------------------------------------------------------

--
-- Table structure for table `pma__users`
--

CREATE TABLE `pma__users` (
  `username` varchar(64) NOT NULL,
  `usergroup` varchar(64) NOT NULL
) ENGINE=InnoDB DEFAULT CHARSET=utf8 COLLATE=utf8_bin COMMENT='Users and their assignments to user groups';

--
-- Indexes for dumped tables
--

--
-- Indexes for table `pma__bookmark`
--
ALTER TABLE `pma__bookmark`
  ADD PRIMARY KEY (`id`);

--
-- Indexes for table `pma__central_columns`
--
ALTER TABLE `pma__central_columns`
  ADD PRIMARY KEY (`db_name`,`col_name`);

--
-- Indexes for table `pma__column_info`
--
ALTER TABLE `pma__column_info`
  ADD PRIMARY KEY (`id`),
  ADD UNIQUE KEY `db_name` (`db_name`,`table_name`,`column_name`);

--
-- Indexes for table `pma__designer_settings`
--
ALTER TABLE `pma__designer_settings`
  ADD PRIMARY KEY (`username`);

--
-- Indexes for table `pma__export_templates`
--
ALTER TABLE `pma__export_templates`
  ADD PRIMARY KEY (`id`),
  ADD UNIQUE KEY `u_user_type_template` (`username`,`export_type`,`template_name`);

--
-- Indexes for table `pma__favorite`
--
ALTER TABLE `pma__favorite`
  ADD PRIMARY KEY (`username`);

--
-- Indexes for table `pma__history`
--
ALTER TABLE `pma__history`
  ADD PRIMARY KEY (`id`),
  ADD KEY `username` (`username`,`db`,`table`,`timevalue`);

--
-- Indexes for table `pma__navigationhiding`
--
ALTER TABLE `pma__navigationhiding`
  ADD PRIMARY KEY (`username`,`item_name`,`item_type`,`db_name`,`table_name`);

--
-- Indexes for table `pma__pdf_pages`
--
ALTER TABLE `pma__pdf_pages`
  ADD PRIMARY KEY (`page_nr`),
  ADD KEY `db_name` (`db_name`);

--
-- Indexes for table `pma__recent`
--
ALTER TABLE `pma__recent`
  ADD PRIMARY KEY (`username`);

--
-- Indexes for table `pma__relation`
--
ALTER TABLE `pma__relation`
  ADD PRIMARY KEY (`master_db`,`master_table`,`master_field`),
  ADD KEY `foreign_field` (`foreign_db`,`foreign_table`);

--
-- Indexes for table `pma__savedsearches`
--
ALTER TABLE `pma__savedsearches`
  ADD PRIMARY KEY (`id`),
  ADD UNIQUE KEY `u_savedsearches_username_dbname` (`username`,`db_name`,`search_name`);

--
-- Indexes for table `pma__table_coords`
--
ALTER TABLE `pma__table_coords`
  ADD PRIMARY KEY (`db_name`,`table_name`,`pdf_page_number`);

--
-- Indexes for table `pma__table_info`
--
ALTER TABLE `pma__table_info`
  ADD PRIMARY KEY (`db_name`,`table_name`);

--
-- Indexes for table `pma__table_uiprefs`
--
ALTER TABLE `pma__table_uiprefs`
  ADD PRIMARY KEY (`username`,`db_name`,`table_name`);

--
-- Indexes for table `pma__tracking`
--
ALTER TABLE `pma__tracking`
  ADD PRIMARY KEY (`db_name`,`table_name`,`version`);

--
-- Indexes for table `pma__userconfig`
--
ALTER TABLE `pma__userconfig`
  ADD PRIMARY KEY (`username`);

--
-- Indexes for table `pma__usergroups`
--
ALTER TABLE `pma__usergroups`
  ADD PRIMARY KEY (`usergroup`,`tab`,`allowed`);

--
-- Indexes for table `pma__users`
--
ALTER TABLE `pma__users`
  ADD PRIMARY KEY (`username`,`usergroup`);

--
-- AUTO_INCREMENT for dumped tables
--

--
-- AUTO_INCREMENT for table `pma__bookmark`
--
ALTER TABLE `pma__bookmark`
  MODIFY `id` int(10) UNSIGNED NOT NULL AUTO_INCREMENT;

--
-- AUTO_INCREMENT for table `pma__column_info`
--
ALTER TABLE `pma__column_info`
  MODIFY `id` int(5) UNSIGNED NOT NULL AUTO_INCREMENT;

--
-- AUTO_INCREMENT for table `pma__export_templates`
--
ALTER TABLE `pma__export_templates`
  MODIFY `id` int(5) UNSIGNED NOT NULL AUTO_INCREMENT, AUTO_INCREMENT=2;

--
-- AUTO_INCREMENT for table `pma__history`
--
ALTER TABLE `pma__history`
  MODIFY `id` bigint(20) UNSIGNED NOT NULL AUTO_INCREMENT;

--
-- AUTO_INCREMENT for table `pma__pdf_pages`
--
ALTER TABLE `pma__pdf_pages`
  MODIFY `page_nr` int(10) UNSIGNED NOT NULL AUTO_INCREMENT;

--
-- AUTO_INCREMENT for table `pma__savedsearches`
--
ALTER TABLE `pma__savedsearches`
  MODIFY `id` int(5) UNSIGNED NOT NULL AUTO_INCREMENT;
--
-- Database: `project1data`
--
CREATE DATABASE IF NOT EXISTS `project1data` DEFAULT CHARACTER SET utf8mb4 COLLATE utf8mb4_general_ci;
USE `project1data`;

-- --------------------------------------------------------

--
-- Table structure for table `brands`
--

CREATE TABLE `brands` (
  `bid` int(11) NOT NULL,
  `brand_name` varchar(255) NOT NULL,
  `status` enum('1','0') NOT NULL
) ENGINE=InnoDB DEFAULT CHARSET=latin1 COLLATE=latin1_swedish_ci;

--
-- Dumping data for table `brands`
--

INSERT INTO `brands` (`bid`, `brand_name`, `status`) VALUES
(1, 'Samsung', '1'),
(13, 'HP', '1'),
(14, 'Huawei', '1'),
(15, 'Microsoft Corporation', '1'),
(16, 'Adobe', '1'),
(17, 'Apple', '1'),
(18, 'Avira', '1');

-- --------------------------------------------------------

--
-- Table structure for table `categories`
--

CREATE TABLE `categories` (
  `cid` int(11) NOT NULL,
  `parent_cat` int(11) NOT NULL,
  `category_name` varchar(255) NOT NULL,
  `status` enum('1','0') NOT NULL
) ENGINE=InnoDB DEFAULT CHARSET=latin1 COLLATE=latin1_swedish_ci;

--
-- Dumping data for table `categories`
--

INSERT INTO `categories` (`cid`, `parent_cat`, `category_name`, `status`) VALUES
(1, 0, 'Electronics', '1'),
(2, 0, 'Software', '1'),
(5, 1, 'Mobiles', '1'),
(7, 1, 'Laptop', '1'),
(9, 2, 'Antivirus', '1'),
(10, 0, 'Gadgets', '1');

-- --------------------------------------------------------

--
-- Table structure for table `invoice`
--

CREATE TABLE `invoice` (
  `invoice_no` int(11) NOT NULL,
  `customer_name` varchar(100) NOT NULL,
  `order_date` date NOT NULL,
  `sub_total` double NOT NULL,
  `gst` double NOT NULL,
  `discount` double NOT NULL,
  `net_total` double NOT NULL,
  `paid` double NOT NULL,
  `due` double NOT NULL,
  `payment_type` tinytext NOT NULL
) ENGINE=InnoDB DEFAULT CHARSET=latin1 COLLATE=latin1_swedish_ci;

--
-- Dumping data for table `invoice`
--

INSERT INTO `invoice` (`invoice_no`, `customer_name`, `order_date`, `sub_total`, `gst`, `discount`, `net_total`, `paid`, `due`, `payment_type`) VALUES
(24, 'Rizwan', '0000-00-00', 445000, 80100, 1000, 524100, 445000, 79100, 'Cash'),
(25, 'MMM', '0000-00-00', 60000, 10800, 500, 70300, 70300, 0, 'Cash'),
(26, 'ggg', '0000-00-00', 300000, 54000, 2500, 351500, 351500, 0, 'Cash'),
(27, 'Rdfgacs ', '0000-00-00', 300000, 54000, 54000, 300000, 300000, 0, 'Cash'),
(28, '', '0000-00-00', 300000, 54000, 54000, 300000, 300000, 0, 'Cash'),
(29, 'Rizwan', '2018-11-02', 60000, 10800, 12, 70788, 70788, 0, 'Cash'),
(30, 'I am Cus', '2018-11-02', 65000, 11700, 500, 76200, 76200, 0, 'Cash'),
(31, '', '2018-01-03', 60000, 10800, 0, 70800, 70800, 0, 'Cash'),
(32, 'Arjun', '2018-01-03', 29000, 5220, 55, 34165, 34165, 0, 'Cash'),
(33, '', '2018-01-03', 60000, 10800, 0, 70800, 70800, 0, 'Cash'),
(34, 'Rizwan', '2018-01-03', 94500, 17010, 1500, 110010, 110010, 0, 'Cash'),
(35, 'Rizwan', '2018-01-03', 154000, 27720, 550, 181170, 181170, 0, 'Cash'),
(36, 'Rizwan', '2018-01-03', 154500, 27810, 2500, 179810, 179810, 0, 'Cash'),
(37, 'Tyson', '2018-01-03', 90000, 16200, 25.5, 106174.5, 106174.5, 0, 'Cash'),
(38, 'Rajdhani', '2018-01-03', 89500, 16110, 750.5, 104859.5, 104859.5, 0, 'Cash'),
(39, 'Kapoor & Son', '2018-01-03', 89500, 16110, 25, 105585, 105585, 0, 'Cash'),
(40, 'Ajay', '2018-01-03', 89000, 16020, 0, 105020, 105020, 0, 'Cash'),
(41, 'Jayanta', '2018-01-03', 89000, 16020, 0, 105020, 105020, 0, 'Cash'),
(42, 'Ajay Kant', '2018-01-03', 65500, 11790, 0, 77290, 77290, 0, 'Cash'),
(43, 'Egjdks', '2018-01-03', 125500, 22590, 5000, 143090, 143090, 0, 'Cash'),
(44, 'Tyson', '2018-01-03', 275000, 49500, 4950, 319550, 319550, 0, 'Cash'),
(45, 'Hndksks', '2018-01-03', 59000, 10620, 0, 69620, 69620, 0, 'Cash');

-- --------------------------------------------------------

--
-- Table structure for table `invoice_details`
--

CREATE TABLE `invoice_details` (
  `id` int(11) NOT NULL,
  `invoice_no` int(11) NOT NULL,
  `product_name` varchar(100) NOT NULL,
  `price` double NOT NULL,
  `qty` int(11) NOT NULL
) ENGINE=InnoDB DEFAULT CHARSET=latin1 COLLATE=latin1_swedish_ci;

--
-- Dumping data for table `invoice_details`
--

INSERT INTO `invoice_details` (`id`, `invoice_no`, `product_name`, `price`, `qty`) VALUES
(1, 25, 'Samsung Galaxy S8', 60000, 1),
(2, 28, 'Samsung Galaxy S8', 60000, 5),
(3, 29, 'Samsung Galaxy S8', 60000, 1),
(4, 30, 'Iphone 8', 65000, 1),
(5, 31, 'Samsung Galaxy S8', 60000, 1),
(6, 32, 'Honor 9i', 29000, 1),
(7, 33, 'Samsung Galaxy S8', 60000, 1),
(8, 34, 'Avira Antivirus', 500, 1),
(9, 34, 'Iphone 8', 65000, 1),
(10, 34, 'Honor 9i', 29000, 1),
(11, 35, 'Samsung Galaxy S8', 60000, 1),
(12, 35, 'Honor 9i', 29000, 1),
(13, 35, 'Iphone 8', 65000, 1),
(14, 36, 'Samsung Galaxy S8', 60000, 1),
(15, 36, 'Honor 9i', 29000, 1),
(16, 36, 'Iphone 8', 65000, 1),
(17, 36, 'Avira Antivirus', 500, 1),
(18, 37, 'Samsung Galaxy S8', 60000, 1),
(19, 37, 'Honor 9i', 29000, 1),
(20, 37, 'Avira Antivirus', 500, 2),
(21, 38, 'Samsung Galaxy S8', 60000, 1),
(22, 38, 'Honor 9i', 29000, 1),
(23, 38, 'Avira Antivirus', 500, 1),
(24, 39, 'Samsung Galaxy S8', 60000, 1),
(25, 39, 'Honor 9i', 29000, 1),
(26, 39, 'Avira Antivirus', 500, 1),
(27, 40, 'Samsung Galaxy S8', 60000, 1),
(28, 40, 'Honor 9i', 29000, 1),
(29, 41, 'Samsung Galaxy S8', 60000, 1),
(30, 41, 'Honor 9i', 29000, 1),
(31, 42, 'Iphone 8', 65000, 1),
(32, 42, 'Avira Antivirus', 500, 1),
(33, 43, 'Samsung Galaxy S8', 60000, 1),
(34, 43, 'Avira Antivirus', 500, 1),
(35, 43, 'Iphone 8', 65000, 1),
(36, 44, 'Honor 9i', 29000, 5),
(37, 44, 'Iphone 8', 65000, 2),
(38, 45, 'Honor 9i', 29000, 2),
(39, 45, 'Avira Antivirus', 500, 2);

-- --------------------------------------------------------

--
-- Table structure for table `products`
--

CREATE TABLE `products` (
  `pid` int(11) NOT NULL,
  `cid` int(11) NOT NULL,
  `bid` int(11) NOT NULL,
  `product_name` varchar(100) NOT NULL,
  `product_price` double NOT NULL,
  `product_stock` int(11) NOT NULL,
  `added_date` date NOT NULL,
  `p_status` enum('1','0') NOT NULL
) ENGINE=InnoDB DEFAULT CHARSET=latin1 COLLATE=latin1_swedish_ci;

--
-- Dumping data for table `products`
--

INSERT INTO `products` (`pid`, `cid`, `bid`, `product_name`, `product_price`, `product_stock`, `added_date`, `p_status`) VALUES
(15, 5, 1, 'Samsung Galaxy S8', 60000, 984, '2018-01-31', '1'),
(16, 5, 14, 'Honor 9i', 29000, 4984, '2018-01-31', '1'),
(17, 5, 17, 'Iphone 8', 65000, 1192, '2018-01-31', '1'),
(18, 9, 18, 'Avira Antivirus', 500, 2990, '2018-01-31', '1');

-- --------------------------------------------------------

--
-- Table structure for table `user`
--

CREATE TABLE `user` (
  `id` int(11) NOT NULL,
  `username` varchar(255) NOT NULL,
  `email` varchar(255) NOT NULL,
  `password` varchar(300) NOT NULL,
  `usertype` enum('Admin','Other') NOT NULL,
  `register_date` date NOT NULL,
  `last_login` datetime NOT NULL,
  `notes` varchar(255) NOT NULL
) ENGINE=InnoDB DEFAULT CHARSET=latin1 COLLATE=latin1_swedish_ci;

--
-- Dumping data for table `user`
--

INSERT INTO `user` (`id`, `username`, `email`, `password`, `usertype`, `register_date`, `last_login`, `notes`) VALUES
(1, 'Akash', 'akash@gmail.com', '1234', 'Admin', '2017-12-23', '2018-03-01 04:03:17', ''),
(2, 'Test', 'rizwan1@gmail.com', '$2y$08$8j4aTDZiPZBb3rif4RV/teRFYx2Xv0p9F8CTW3blSafkEhXkMfaV6', 'Admin', '2017-12-23', '2017-12-24 11:12:57', ''),
(3, 'Rizwan', 'rizwankhan.august16@gmail.com', '$2y$08$NmqD7p7Qn7QkEG0/6Sa8v.YhNGo.J2zqfRRGrGRzg1EUlV.9O.M42', 'Admin', '2017-12-24', '2017-12-26 05:12:07', ''),
(4, 'Rizwan', 'rizwankhan@gmail.com', '$2y$08$FsjstZZh5dBNUf.5cZta3e.jZAyfK8pCFaO9AR0jIpQCswNR1bJve', 'Admin', '2017-12-24', '2017-12-25 06:12:18', ''),
(5, 'Imran Khan', 'imran@gmail.com', '$2y$08$KCqI3w9Q1kXFX0W.HDnIYODpMceE6AAbJgygBSQ3au8yZotMyXnCC', 'Admin', '2017-12-25', '2017-12-25 00:00:00', ''),
(6, 'Khan', 'khan@gmail.com', '$2y$08$/4PDGZrGbDPGPEYisj3HBOcaMxRRIBQ1UzHjHKdbzpVMDJJRLry6m', 'Admin', '2017-12-26', '2018-01-15 08:01:14', ''),
(7, 'John Smith', 'john.smith@gmail.com', '$2y$08$cTcxbttxHGTzy0FD3AVjr.m.aNL7p735YRplRiyKZB0kHAOpB9WI2', 'Admin', '2018-02-16', '2018-02-16 05:02:41', '');

--
-- Indexes for dumped tables
--

--
-- Indexes for table `brands`
--
ALTER TABLE `brands`
  ADD PRIMARY KEY (`bid`),
  ADD UNIQUE KEY `brand_name` (`brand_name`);

--
-- Indexes for table `categories`
--
ALTER TABLE `categories`
  ADD PRIMARY KEY (`cid`),
  ADD UNIQUE KEY `category_name` (`category_name`);

--
-- Indexes for table `invoice`
--
ALTER TABLE `invoice`
  ADD PRIMARY KEY (`invoice_no`);

--
-- Indexes for table `invoice_details`
--
ALTER TABLE `invoice_details`
  ADD PRIMARY KEY (`id`),
  ADD KEY `invoice_no` (`invoice_no`);

--
-- Indexes for table `products`
--
ALTER TABLE `products`
  ADD PRIMARY KEY (`pid`),
  ADD UNIQUE KEY `product_name` (`product_name`),
  ADD KEY `cid` (`cid`),
  ADD KEY `bid` (`bid`);

--
-- Indexes for table `user`
--
ALTER TABLE `user`
  ADD PRIMARY KEY (`id`),
  ADD UNIQUE KEY `email` (`email`);

--
-- AUTO_INCREMENT for dumped tables
--

--
-- AUTO_INCREMENT for table `brands`
--
ALTER TABLE `brands`
  MODIFY `bid` int(11) NOT NULL AUTO_INCREMENT, AUTO_INCREMENT=19;

--
-- AUTO_INCREMENT for table `categories`
--
ALTER TABLE `categories`
  MODIFY `cid` int(11) NOT NULL AUTO_INCREMENT, AUTO_INCREMENT=11;

--
-- AUTO_INCREMENT for table `invoice`
--
ALTER TABLE `invoice`
  MODIFY `invoice_no` int(11) NOT NULL AUTO_INCREMENT, AUTO_INCREMENT=46;

--
-- AUTO_INCREMENT for table `invoice_details`
--
ALTER TABLE `invoice_details`
  MODIFY `id` int(11) NOT NULL AUTO_INCREMENT, AUTO_INCREMENT=40;

--
-- AUTO_INCREMENT for table `products`
--
ALTER TABLE `products`
  MODIFY `pid` int(11) NOT NULL AUTO_INCREMENT, AUTO_INCREMENT=19;

--
-- AUTO_INCREMENT for table `user`
--
ALTER TABLE `user`
  MODIFY `id` int(11) NOT NULL AUTO_INCREMENT, AUTO_INCREMENT=8;

--
-- Constraints for dumped tables
--

--
-- Constraints for table `invoice_details`
--
ALTER TABLE `invoice_details`
  ADD CONSTRAINT `invoice_details_ibfk_1` FOREIGN KEY (`invoice_no`) REFERENCES `invoice` (`invoice_no`);

--
-- Constraints for table `products`
--
ALTER TABLE `products`
  ADD CONSTRAINT `products_ibfk_1` FOREIGN KEY (`cid`) REFERENCES `categories` (`cid`),
  ADD CONSTRAINT `products_ibfk_2` FOREIGN KEY (`bid`) REFERENCES `brands` (`bid`);
--
-- Database: `test`
--
CREATE DATABASE IF NOT EXISTS `test` DEFAULT CHARACTER SET latin1 COLLATE latin1_swedish_ci;
USE `test`;
COMMIT;

/*!40101 SET CHARACTER_SET_CLIENT=@OLD_CHARACTER_SET_CLIENT */;
/*!40101 SET CHARACTER_SET_RESULTS=@OLD_CHARACTER_SET_RESULTS */;
/*!40101 SET COLLATION_CONNECTION=@OLD_COLLATION_CONNECTION */;
